{
	"ImportPath": "k8s.io/client-go",
	"GoVersion": "unknown",
	"GodepVersion": "gen-godeps",
	"Packages": [
		"./..."
	],
	"Deps": [
		{
			"ImportPath": "cloud.google.com/go",
			"Rev": "v0.51.0"
		},
		{
			"ImportPath": "cloud.google.com/go/bigquery",
			"Rev": "v1.0.1"
		},
		{
			"ImportPath": "cloud.google.com/go/datastore",
			"Rev": "v1.0.0"
		},
		{
			"ImportPath": "cloud.google.com/go/pubsub",
			"Rev": "v1.0.1"
		},
		{
			"ImportPath": "cloud.google.com/go/storage",
			"Rev": "v1.0.0"
		},
		{
			"ImportPath": "dmitri.shuralyov.com/gpu/mtl",
			"Rev": "666a987793e9"
		},
		{
			"ImportPath": "github.com/Azure/go-autorest/autorest",
			"Rev": "v0.9.6"
		},
		{
			"ImportPath": "github.com/Azure/go-autorest/autorest/adal",
			"Rev": "v0.8.2"
		},
		{
			"ImportPath": "github.com/Azure/go-autorest/autorest/date",
			"Rev": "v0.2.0"
		},
		{
			"ImportPath": "github.com/Azure/go-autorest/autorest/mocks",
			"Rev": "v0.3.0"
		},
		{
			"ImportPath": "github.com/Azure/go-autorest/logger",
			"Rev": "v0.1.0"
		},
		{
			"ImportPath": "github.com/Azure/go-autorest/tracing",
			"Rev": "v0.5.0"
		},
		{
			"ImportPath": "github.com/BurntSushi/toml",
			"Rev": "v0.3.1"
		},
		{
			"ImportPath": "github.com/BurntSushi/xgb",
			"Rev": "27f122750802"
		},
		{
			"ImportPath": "github.com/NYTimes/gziphandler",
			"Rev": "56545f4a5d46"
		},
		{
			"ImportPath": "github.com/PuerkitoBio/purell",
			"Rev": "v1.0.0"
		},
		{
			"ImportPath": "github.com/PuerkitoBio/urlesc",
			"Rev": "5bd2802263f2"
		},
		{
			"ImportPath": "github.com/census-instrumentation/opencensus-proto",
			"Rev": "v0.2.1"
		},
		{
			"ImportPath": "github.com/chzyer/logex",
			"Rev": "v1.1.10"
		},
		{
			"ImportPath": "github.com/chzyer/readline",
			"Rev": "2972be24d48e"
		},
		{
			"ImportPath": "github.com/chzyer/test",
			"Rev": "a1ea475d72b1"
		},
		{
			"ImportPath": "github.com/client9/misspell",
			"Rev": "v0.3.4"
		},
		{
			"ImportPath": "github.com/davecgh/go-spew",
			"Rev": "v1.1.1"
		},
		{
			"ImportPath": "github.com/dgrijalva/jwt-go",
			"Rev": "v3.2.0"
		},
		{
			"ImportPath": "github.com/docker/spdystream",
			"Rev": "449fdfce4d96"
		},
		{
			"ImportPath": "github.com/docopt/docopt-go",
			"Rev": "ee0de3bc6815"
		},
		{
			"ImportPath": "github.com/elazarl/goproxy",
			"Rev": "947c36da3153"
		},
		{
			"ImportPath": "github.com/emicklei/go-restful",
			"Rev": "ff4f55a20633"
		},
		{
			"ImportPath": "github.com/envoyproxy/go-control-plane",
			"Rev": "5f8ba28d4473"
		},
		{
			"ImportPath": "github.com/envoyproxy/protoc-gen-validate",
			"Rev": "v0.1.0"
		},
		{
			"ImportPath": "github.com/evanphx/json-patch",
			"Rev": "v4.9.0"
		},
		{
			"ImportPath": "github.com/fsnotify/fsnotify",
			"Rev": "v1.4.9"
		},
		{
			"ImportPath": "github.com/ghodss/yaml",
			"Rev": "73d445a93680"
		},
		{
			"ImportPath": "github.com/go-gl/glfw/v3.3/glfw",
			"Rev": "12ad95a8df72"
		},
		{
			"ImportPath": "github.com/go-logr/logr",
			"Rev": "v0.2.0"
		},
		{
			"ImportPath": "github.com/go-openapi/jsonpointer",
			"Rev": "46af16f9f7b1"
		},
		{
			"ImportPath": "github.com/go-openapi/jsonreference",
			"Rev": "13c6e3589ad9"
		},
		{
			"ImportPath": "github.com/go-openapi/spec",
			"Rev": "6aced65f8501"
		},
		{
			"ImportPath": "github.com/go-openapi/swag",
			"Rev": "1d0bd113de87"
		},
		{
			"ImportPath": "github.com/gogo/protobuf",
			"Rev": "v1.3.1"
		},
		{
			"ImportPath": "github.com/golang/glog",
			"Rev": "23def4e6c14b"
		},
		{
			"ImportPath": "github.com/golang/groupcache",
			"Rev": "215e87163ea7"
		},
		{
			"ImportPath": "github.com/golang/mock",
			"Rev": "v1.3.1"
		},
		{
			"ImportPath": "github.com/golang/protobuf",
			"Rev": "v1.4.2"
		},
		{
			"ImportPath": "github.com/google/btree",
			"Rev": "v1.0.0"
		},
		{
			"ImportPath": "github.com/google/go-cmp",
			"Rev": "v0.4.0"
		},
		{
			"ImportPath": "github.com/google/gofuzz",
			"Rev": "v1.1.0"
		},
		{
			"ImportPath": "github.com/google/martian",
			"Rev": "v2.1.0"
		},
		{
			"ImportPath": "github.com/google/pprof",
			"Rev": "d4f498aebedc"
		},
		{
			"ImportPath": "github.com/google/renameio",
			"Rev": "v0.1.0"
		},
		{
			"ImportPath": "github.com/google/uuid",
			"Rev": "v1.1.1"
		},
		{
			"ImportPath": "github.com/googleapis/gax-go/v2",
			"Rev": "v2.0.5"
		},
		{
			"ImportPath": "github.com/googleapis/gnostic",
			"Rev": "v0.4.1"
		},
		{
			"ImportPath": "github.com/gregjones/httpcache",
			"Rev": "9cad4c3443a7"
		},
		{
			"ImportPath": "github.com/hashicorp/golang-lru",
			"Rev": "v0.5.1"
		},
		{
			"ImportPath": "github.com/hpcloud/tail",
			"Rev": "v1.0.0"
		},
		{
			"ImportPath": "github.com/ianlancetaylor/demangle",
			"Rev": "5e5cf60278f6"
		},
		{
			"ImportPath": "github.com/imdario/mergo",
			"Rev": "v0.3.5"
		},
		{
			"ImportPath": "github.com/json-iterator/go",
			"Rev": "v1.1.10"
		},
		{
			"ImportPath": "github.com/jstemmer/go-junit-report",
			"Rev": "v0.9.1"
		},
		{
			"ImportPath": "github.com/kisielk/errcheck",
			"Rev": "v1.2.0"
		},
		{
			"ImportPath": "github.com/kisielk/gotool",
			"Rev": "v1.0.0"
		},
		{
			"ImportPath": "github.com/kr/pretty",
			"Rev": "v0.2.0"
		},
		{
			"ImportPath": "github.com/kr/pty",
			"Rev": "v1.1.1"
		},
		{
			"ImportPath": "github.com/kr/text",
			"Rev": "v0.1.0"
		},
		{
			"ImportPath": "github.com/mailru/easyjson",
			"Rev": "d5b7844b561a"
		},
		{
			"ImportPath": "github.com/modern-go/concurrent",
			"Rev": "bacd9c7ef1dd"
		},
		{
			"ImportPath": "github.com/modern-go/reflect2",
			"Rev": "v1.0.1"
		},
		{
			"ImportPath": "github.com/munnerz/goautoneg",
			"Rev": "a547fc61f48d"
		},
		{
			"ImportPath": "github.com/mxk/go-flowrate",
			"Rev": "cca7078d478f"
		},
		{
			"ImportPath": "github.com/onsi/ginkgo",
			"Rev": "v1.11.0"
		},
		{
			"ImportPath": "github.com/onsi/gomega",
			"Rev": "v1.7.0"
		},
		{
			"ImportPath": "github.com/peterbourgon/diskv",
			"Rev": "v2.0.1"
		},
		{
			"ImportPath": "github.com/pkg/errors",
			"Rev": "v0.9.1"
		},
		{
			"ImportPath": "github.com/pmezard/go-difflib",
			"Rev": "v1.0.0"
		},
		{
			"ImportPath": "github.com/prometheus/client_model",
			"Rev": "14fe0d1b01d4"
		},
		{
			"ImportPath": "github.com/rogpeppe/go-internal",
			"Rev": "v1.3.0"
		},
		{
			"ImportPath": "github.com/spf13/afero",
			"Rev": "v1.2.2"
		},
		{
			"ImportPath": "github.com/spf13/pflag",
			"Rev": "v1.0.5"
		},
		{
			"ImportPath": "github.com/stretchr/objx",
			"Rev": "v0.1.0"
		},
		{
			"ImportPath": "github.com/stretchr/testify",
			"Rev": "v1.4.0"
		},
		{
			"ImportPath": "go.opencensus.io",
			"Rev": "v0.22.2"
		},
		{
			"ImportPath": "golang.org/x/crypto",
			"Rev": "75b288015ac9"
		},
		{
			"ImportPath": "golang.org/x/exp",
			"Rev": "da58074b4299"
		},
		{
			"ImportPath": "golang.org/x/image",
			"Rev": "cff245a6509b"
		},
		{
			"ImportPath": "golang.org/x/lint",
			"Rev": "fdd1cda4f05f"
		},
		{
			"ImportPath": "golang.org/x/mobile",
			"Rev": "d2bd2a29d028"
		},
		{
			"ImportPath": "golang.org/x/mod",
			"Rev": "c90efee705ee"
		},
		{
			"ImportPath": "golang.org/x/net",
			"Rev": "ab3426394381"
		},
		{
			"ImportPath": "golang.org/x/oauth2",
			"Rev": "858c2ad4c8b6"
		},
		{
			"ImportPath": "golang.org/x/sync",
			"Rev": "cd5d95a43a6e"
		},
		{
			"ImportPath": "golang.org/x/sys",
			"Rev": "ed371f2e16b4"
		},
		{
			"ImportPath": "golang.org/x/text",
			"Rev": "v0.3.3"
		},
		{
			"ImportPath": "golang.org/x/time",
			"Rev": "555d28b269f0"
		},
		{
			"ImportPath": "golang.org/x/tools",
			"Rev": "7b8e75db28f4"
		},
		{
			"ImportPath": "golang.org/x/xerrors",
			"Rev": "9bdfabe68543"
		},
		{
			"ImportPath": "google.golang.org/api",
			"Rev": "v0.15.0"
		},
		{
			"ImportPath": "google.golang.org/appengine",
			"Rev": "v1.6.5"
		},
		{
			"ImportPath": "google.golang.org/genproto",
			"Rev": "cb27e3aa2013"
		},
		{
			"ImportPath": "google.golang.org/grpc",
			"Rev": "v1.27.0"
		},
		{
			"ImportPath": "google.golang.org/protobuf",
			"Rev": "v1.24.0"
		},
		{
			"ImportPath": "gopkg.in/check.v1",
			"Rev": "41f04d3bba15"
		},
		{
			"ImportPath": "gopkg.in/errgo.v2",
			"Rev": "v2.1.0"
		},
		{
			"ImportPath": "gopkg.in/fsnotify.v1",
			"Rev": "v1.4.7"
		},
		{
			"ImportPath": "gopkg.in/inf.v0",
			"Rev": "v0.9.1"
		},
		{
			"ImportPath": "gopkg.in/tomb.v1",
			"Rev": "dd632973f1e7"
		},
		{
			"ImportPath": "gopkg.in/yaml.v2",
			"Rev": "v2.2.8"
		},
		{
			"ImportPath": "honnef.co/go/tools",
			"Rev": "v0.0.1-2019.2.3"
		},
		{
			"ImportPath": "k8s.io/api",
			"Rev": "v0.19.3"
		},
		{
			"ImportPath": "k8s.io/apimachinery",
			"Rev": "v0.19.3"
		},
		{
			"ImportPath": "k8s.io/gengo",
			"Rev": "3a45101e95ac"
		},
		{
			"ImportPath": "k8s.io/klog/v2",
			"Rev": "v2.2.0"
		},
		{
			"ImportPath": "k8s.io/kube-openapi",
			"Rev": "6aeccd4b50c6"
		},
		{
			"ImportPath": "k8s.io/utils",
			"Rev": "d5654de09c73"
		},
		{
			"ImportPath": "rsc.io/binaryregexp",
			"Rev": "v0.2.0"
		},
		{
			"ImportPath": "sigs.k8s.io/structured-merge-diff/v4",
			"Rev": "v4.0.1"
		},
		{
			"ImportPath": "sigs.k8s.io/yaml",
			"Rev": "v1.2.0"
		}
	]
}